avg_x,avg_y
2404.8916,213.8377
2397.833,201.8401
2397.6809,202.5399
2398.4961,201.3821
2399.1736,199.3505
2401.3352,202.1892
2401.303,202.0808
2402.312,204.4907
2401.7324,204.1427
2401.5205,204.1036
2400.9871,203.5492
2400.656,203.0615
2400.5647,203.1189
2400.3979,202.9585
2400.2527,202.675
2400.1897,202.5967
2400.0984,202.4718
2399.7908,202.5944
1571.4636,489.1788
1573.2152,494.0507
1579.5964,486.0934
1579.509,487.0972
1583.868,499.8785
1585.5861,499.7545
2393.637,490.4286
2387.4014,487.8968
2379.2466,492.1104
2379.5657,489.0846
2380.8787,485.8708
2380.6934,484.7538
2460.2319,535.9146
2464.1677,528.7386
2468.9702,522.1393
2464.896,522.2306
2464.1436,521.3564
2463.3171,520.7331
2461.0186,520.0001
2617.1658,-8.6128
2629.658,-7.8512
2635.0906,-10.7153
2635.3647,-15.1854
2636.6797,-16.9611
2615.2412,39.3178
2630.4785,-72.6545
2627.0378,-69.3982
2627.9082,-69.5131
2627.6169,-71.6826
2626.541,-73.626
2625.9248,-75.4241
2623.3518,-86.3817
2624.3447,-87.5824
2623.3213,-88.35
2588.6626,15.0175
2527.1213,155.8292
2498.7544,229.107
2351.9973,547.8035
2351.8879,546.3432
2356.0139,540.8434
2358.1829,538.5227
2347.4421,548.364
2350.3342,548.1995
2352.3745,547.5093
2351.7317,548.4377
2350.0891,549.4966
2345.8628,553.2751
2345.7483,552.6078
2347.1252,550.3969
2347.5327,549.4998
2347.0459,549.4917
2347.0459,549.4917
2348.2756,547.6896
2349.8594,545.6326
2349.7363,545.2384
2349.407,545.0005
2350.1155,543.7969
2349.9119,543.4917
2347.6545,545.4587
2347.6545,545.4587
2347.6545,545.4587
2347.6545,545.4587
2347.6545,545.4587
2347.2998,545.3903
2347.2998,545.3903
2347.2998,545.3903
2347.2998,545.3903
2347.2998,545.3903
2347.2998,545.3903
2347.2998,545.3903
2347.2998,545.3903
2345.2446,547.175
2345.2446,547.175
2345.2446,547.175
2345.2446,547.175
2345.2446,547.175
2345.2446,547.175
2345.2446,547.175
2345.2446,547.175
2345.2446,547.175
2345.2446,547.175
2345.2446,547.175
2345.2446,547.175
2345.2446,547.175
2347.9338,544.0772
2347.9338,544.0772
2347.9338,544.0772
2347.9338,544.0772
2347.9338,544.0772
2347.9338,544.0772
2347.9338,544.0772
2347.9338,544.0772
2348.2061,543.399
2348.2061,543.399
2348.2061,543.399
2348.2061,543.399
2348.2061,543.399
2348.2061,543.399
2348.2061,543.399
2348.2061,543.399
2348.2061,543.399
2348.2061,543.399
2348.2061,543.399
2348.2061,543.399
2348.2061,543.399
2348.1501,543.1062
2348.1501,543.1062
2348.1501,543.1062
2348.1501,543.1062
2348.1501,543.1062
2348.1501,543.1062
2348.1501,543.1062
2348.1501,543.1062
2348.1501,543.1062
2348.1501,543.1062
2348.1501,543.1062
2348.1501,543.1062
2348.1501,543.1062
2347.4744,543.2247
2347.4744,543.2247
2347.4744,543.2247
2347.4744,543.2247
2347.4744,543.2247
2347.4744,543.2247
2347.4744,543.2247
2347.4744,543.2247
2347.4744,543.2247
2347.4744,543.2247
2347.4744,543.2247
2347.4744,543.2247
2347.4744,543.2247
2347.4744,543.2247
2348.041,542.1962
2348.041,542.1962
2348.041,542.1962
2348.041,542.1962
2348.041,542.1962
2348.041,542.1962
2348.041,542.1962
2348.041,542.1962
2348.041,542.1962
2348.041,542.1962
2348.041,542.1962
2348.041,542.1962
2347.4651,542.0701
2347.4651,542.0701
2347.4651,542.0701
2347.4651,542.0701
2347.4651,542.0701
2347.4651,542.0701
2347.4651,542.0701
2347.4651,542.0701
2347.4651,542.0701
2347.4651,542.0701
2347.4651,542.0701
2347.4651,542.0701
2347.4651,542.0701
2347.4651,542.0701
2347.1091,541.4159
2347.1091,541.4159
2347.1091,541.4159
2347.1091,541.4159
2347.1091,541.4159
2347.1091,541.4159
2347.1091,541.4159
2347.1091,541.4159
2347.1091,541.4159
2347.1091,541.4159
2347.1091,541.4159
2347.1091,541.4159
945.6602,613.1542
945.6602,613.1542
945.6602,613.1542
945.6602,613.1542
945.6602,613.1542
945.6602,613.1542
945.6602,613.1542
945.6602,613.1542
945.6602,613.1542
945.6602,613.1542
945.6602,613.1542
945.6602,613.1542
945.6602,613.1542
940.2058,604.6395
940.2058,604.6395
940.2058,604.6395
940.2058,604.6395
940.2058,604.6395
940.2058,604.6395
940.2058,604.6395
940.2058,604.6395
940.2058,604.6395
940.2058,604.6395
940.2058,604.6395
940.2058,604.6395
940.2058,604.6395
938.7431,606.6742
938.7431,606.6742
938.7431,606.6742
938.7431,606.6742
938.7431,606.6742
938.7431,606.6742
938.7431,606.6742
938.7431,606.6742
938.7431,606.6742
938.7431,606.6742
938.7431,606.6742
938.7431,606.6742
938.7431,606.6742
934.9609,606.7273
934.9609,606.7273
934.9609,606.7273
934.9609,606.7273
934.9609,606.7273
934.9609,606.7273
934.9609,606.7273
934.9609,606.7273
934.9609,606.7273
934.9609,606.7273
934.9609,606.7273
934.9609,606.7273
934.9609,606.7273
932.0095,614.4123
932.0095,614.4123
932.0095,614.4123
932.0095,614.4123
932.0095,614.4123
932.0095,614.4123
932.0095,614.4123
932.0095,614.4123
932.0095,614.4123
932.0095,614.4123
932.0095,614.4123
932.0095,614.4123
932.0095,614.4123
931.1512,609.4348
931.1512,609.4348
931.1512,609.4348
931.1512,609.4348
931.1512,609.4348
931.1512,609.4348
931.1512,609.4348
931.1512,609.4348
928.1368,604.9047
0,0
0,0
0,0
0,0
0,0
0,0
0,0
0,0
0,0
0,0
0,0
0,0
0,0
0,0
0,0
944.1907,700.4664
944.1907,700.4664
944.1907,700.4664
944.1907,700.4664
944.1907,700.4664
944.1907,700.4664
944.1907,700.4664
944.1907,700.4664
944.1907,700.4664
944.1907,700.4664
944.1907,700.4664
944.1907,700.4664
944.7185,707.561
944.7185,707.561
944.7185,707.561
944.7185,707.561
944.7185,707.561
944.7185,707.561
944.7185,707.561
944.7185,707.561
944.7185,707.561
944.7185,707.561
944.7185,707.561
944.7185,707.561
944.7185,707.561
944.576,713.0825
944.576,713.0825
944.576,713.0825
944.576,713.0825
944.576,713.0825
944.576,713.0825
944.576,713.0825
944.576,713.0825
944.576,713.0825
944.576,713.0825
944.576,713.0825
944.576,713.0825
945.5118,714.5193
945.5118,714.5193
945.5118,714.5193
945.5118,714.5193
945.5118,714.5193
945.5118,714.5193
945.5118,714.5193
945.5118,714.5193
945.5118,714.5193
945.5118,714.5193
945.5118,714.5193
945.5118,714.5193
945.5118,714.5193
944.9866,719.1547
944.9866,719.1547
944.9866,719.1547
944.9866,719.1547
944.9866,719.1547
944.9866,719.1547
944.9866,719.1547
944.9866,719.1547
944.9866,719.1547
944.9866,719.1547
944.9866,719.1547
946.6976,719.7382
946.6976,719.7382
946.6976,719.7382
946.6976,719.7382
946.6976,719.7382
946.6976,719.7382
946.6976,719.7382
946.6976,719.7382
946.6976,719.7382
946.6976,719.7382
946.6976,719.7382
946.6976,719.7382
946.6976,719.7382
946.6976,719.7382
947.492,721.0639
947.492,721.0639
947.492,721.0639
947.492,721.0639
947.492,721.0639
947.492,721.0639
947.492,721.0639
947.492,721.0639
947.492,721.0639
947.492,721.0639
947.492,721.0639
947.492,721.0639
947.492,721.0639
949.5838,721.7943
949.5838,721.7943
949.5838,721.7943
949.5838,721.7943
949.5838,721.7943
949.5838,721.7943
949.5838,721.7943
949.5838,721.7943
949.5838,721.7943
949.5838,721.7943
949.5838,721.7943
949.5838,721.7943
948.1603,726.3057
948.1603,726.3057
948.1603,726.3057
948.1603,726.3057
948.1603,726.3057
948.1603,726.3057
948.1603,726.3057
948.1603,726.3057
948.1603,726.3057
948.1603,726.3057
948.1603,726.3057
948.1603,726.3057
952.0208,731.762
952.0208,731.762
952.0208,731.762
952.0208,731.762
952.0208,731.762
952.0208,731.762
952.0208,731.762
952.0208,731.762
952.0208,731.762
952.0208,731.762
952.0208,731.762
952.0208,731.762
952.0208,731.762
956.282,737.2146
956.282,737.2146
956.282,737.2146
956.282,737.2146
956.282,737.2146
956.282,737.2146
956.282,737.2146
956.282,737.2146
956.282,737.2146
956.282,737.2146
956.282,737.2146
956.282,737.2146
958.4653,740.7697
958.4653,740.7697
958.4653,740.7697
958.4653,740.7697
958.4653,740.7697
958.4653,740.7697
958.4653,740.7697
958.4653,740.7697
958.4653,740.7697
958.4653,740.7697
958.4653,740.7697
958.4653,740.7697
958.4653,740.7697
961.9166,743.9869
961.9166,743.9869
961.9166,743.9869
961.9166,743.9869
961.9166,743.9869
961.9166,743.9869
961.9166,743.9869
961.9166,743.9869
961.9166,743.9869
961.9166,743.9869
961.9166,743.9869
962.9785,746.918
962.9785,746.918
962.9785,746.918
962.9785,746.918
962.9785,746.918
962.9785,746.918
962.9785,746.918
962.9785,746.918
962.9785,746.918
962.9785,746.918
962.9785,746.918
962.9785,746.918
962.1061,749.672
962.1061,749.672
962.1061,749.672
962.1061,749.672
962.1061,749.672
962.1061,749.672
962.1061,749.672
962.1061,749.672
962.1061,749.672
962.1061,749.672
962.1061,749.672
962.1061,749.672
963.073,752.3763
963.073,752.3763
963.073,752.3763
963.073,752.3763
963.073,752.3763
963.073,752.3763
963.073,752.3763
963.073,752.3763
963.073,752.3763
963.073,752.3763
963.073,752.3763
963.073,752.3763
970.4807,776.3444
970.4807,776.3444
970.4807,776.3444
970.4807,776.3444
970.4807,776.3444
970.4807,776.3444
970.4807,776.3444
970.4807,776.3444
970.4807,776.3444
970.4807,776.3444
970.4807,776.3444
982.7897,776.1173
982.7897,776.1173
982.7897,776.1173
982.7897,776.1173
982.7897,776.1173
982.7897,776.1173
982.7897,776.1173
982.7897,776.1173
982.7897,776.1173
982.7897,776.1173
982.7897,776.1173
982.7897,776.1173
983.1327,776.9553
983.1327,776.9553
983.1327,776.9553
983.1327,776.9553
983.1327,776.9553
983.1327,776.9553
983.1327,776.9553
983.1327,776.9553
983.1327,776.9553
983.1327,776.9553
983.1327,776.9553
983.1327,776.9553
983.1327,776.9553
981.8664,780.5961
981.8664,780.5961
981.8664,780.5961
981.8664,780.5961
981.8664,780.5961
981.8664,780.5961
981.8664,780.5961
981.8664,780.5961
981.8664,780.5961
981.8664,780.5961
981.8664,780.5961
941.397,1032.4424
941.397,1032.4424
941.397,1032.4424
941.397,1032.4424
941.397,1032.4424
941.397,1032.4424
941.397,1032.4424
941.397,1032.4424
941.397,1032.4424
941.397,1032.4424
941.397,1032.4424
941.397,1032.4424
920.726,1186.8615
920.726,1186.8615
920.726,1186.8615
920.726,1186.8615
920.726,1186.8615
920.726,1186.8615
920.726,1186.8615
920.726,1186.8615
920.726,1186.8615
920.726,1186.8615
920.726,1186.8615
920.726,1186.8615
920.726,1186.8615
902.524,1821.6456
902.524,1821.6456
902.524,1821.6456
902.524,1821.6456
902.524,1821.6456
902.524,1821.6456
902.524,1821.6456
902.524,1821.6456
902.524,1821.6456
902.524,1821.6456
902.524,1821.6456
902.524,1821.6456
840.1494,1787.0104
840.1494,1787.0104
840.1494,1787.0104
840.1494,1787.0104
840.1494,1787.0104
840.1494,1787.0104
840.1494,1787.0104
840.1494,1787.0104
840.1494,1787.0104
840.1494,1787.0104
849.399,1800.1395
849.399,1800.1395
849.399,1800.1395
849.399,1800.1395
849.399,1800.1395
849.399,1800.1395
849.399,1800.1395
849.399,1800.1395
849.399,1800.1395
849.399,1800.1395
849.399,1800.1395
849.399,1800.1395
849.399,1800.1395
849.0765,1811.6844
849.0765,1811.6844
849.0765,1811.6844
849.0765,1811.6844
849.0765,1811.6844
849.0765,1811.6844
849.0765,1811.6844
849.0765,1811.6844
849.0765,1811.6844
849.0765,1811.6844
849.0765,1811.6844
849.0765,1811.6844
836.0264,1816.9038
836.0264,1816.9038
836.0264,1816.9038
836.0264,1816.9038
836.0264,1816.9038
836.0264,1816.9038
836.0264,1816.9038
836.0264,1816.9038
836.0264,1816.9038
836.0264,1816.9038
828.1735,1820.0018
828.1735,1820.0018
828.1735,1820.0018
828.1735,1820.0018
828.1735,1820.0018
828.1735,1820.0018
828.1735,1820.0018
828.1735,1820.0018
828.1735,1820.0018
828.1735,1820.0018
828.1735,1820.0018
828.1735,1820.0018
828.1735,1820.0018
831.1572,1830.2628
831.1572,1830.2628
831.1572,1830.2628
831.1572,1830.2628
831.1572,1830.2628
831.1572,1830.2628
831.1572,1830.2628
831.1572,1830.2628
831.1572,1830.2628
831.1572,1830.2628
831.1572,1830.2628
831.1572,1830.2628
825.2808,1830.3531
825.2808,1830.3531
825.2808,1830.3531
825.2808,1830.3531
825.2808,1830.3531
825.2808,1830.3531
825.2808,1830.3531
825.2808,1830.3531
825.2808,1830.3531
825.2808,1830.3531
813.7665,1824.2223
813.7665,1824.2223
813.7665,1824.2223
813.7665,1824.2223
813.7665,1824.2223
813.7665,1824.2223
813.7665,1824.2223
813.7665,1824.2223
813.7665,1824.2223
813.7665,1824.2223
813.7665,1824.2223
813.7665,1824.2223
811.7126,1824.8555
811.7126,1824.8555
811.7126,1824.8555
811.7126,1824.8555
811.7126,1824.8555
811.7126,1824.8555
811.7126,1824.8555
811.7126,1824.8555
811.7126,1824.8555
811.7126,1824.8555
811.7126,1824.8555
811.7126,1824.8555
811.7126,1824.8555
809.5479,1824.667
809.5479,1824.667
809.5479,1824.667
809.5479,1824.667
809.5479,1824.667
809.5479,1824.667
809.5479,1824.667
809.5479,1824.667
809.5479,1824.667
809.5479,1824.667
809.5479,1824.667
808.5262,1824.8738
808.5262,1824.8738
808.5262,1824.8738
808.5262,1824.8738
808.5262,1824.8738
808.5262,1824.8738
808.5262,1824.8738
808.5262,1824.8738
808.5262,1824.8738
808.5262,1824.8738
808.5262,1824.8738
808.5262,1824.8738
808.5262,1824.8738
807.8674,1825.1246
807.8674,1825.1246
807.8674,1825.1246
807.8674,1825.1246
807.8674,1825.1246
807.8674,1825.1246
807.8674,1825.1246
807.8674,1825.1246
807.8674,1825.1246
807.8674,1825.1246
807.8674,1825.1246
807.8674,1825.1246
806.6982,1824.7235
806.6982,1824.7235
806.6982,1824.7235
806.6982,1824.7235
806.6982,1824.7235
806.6982,1824.7235
806.6982,1824.7235
806.6982,1824.7235
806.6982,1824.7235
806.6982,1824.7235
806.6982,1824.7235
800.9461,1820.7379
800.9461,1820.7379
800.9461,1820.7379
800.9461,1820.7379
800.9461,1820.7379
800.9461,1820.7379
800.9461,1820.7379
800.9461,1820.7379
800.9461,1820.7379
800.9461,1820.7379
800.9461,1820.7379
801.2363,1821.1095
801.2363,1821.1095
801.2363,1821.1095
801.2363,1821.1095
801.2363,1821.1095
801.2363,1821.1095
801.2363,1821.1095
801.2363,1821.1095
801.2363,1821.1095
801.2363,1821.1095
801.2363,1821.1095
801.5548,1820.2976
801.5548,1820.2976
801.5548,1820.2976
801.5548,1820.2976
801.5548,1820.2976
801.5548,1820.2976
801.5548,1820.2976
801.5548,1820.2976
801.5548,1820.2976
801.5548,1820.2976
801.5548,1820.2976
801.5548,1820.2976
1116.656,807.4337
1116.656,807.4337
1116.656,807.4337
1116.656,807.4337
1116.656,807.4337
1116.656,807.4337
1116.656,807.4337
1116.656,807.4337
1116.656,807.4337
1116.656,807.4337
1116.656,807.4337
1116.656,807.4337
1108.9281,769.7903
1108.9281,769.7903
1108.9281,769.7903
1108.9281,769.7903
1108.9281,769.7903
1108.9281,769.7903
1108.9281,769.7903
1108.9281,769.7903
1108.9281,769.7903
1108.9281,769.7903
1108.9281,769.7903
1108.9281,769.7903
1110.8422,772.0563
1110.8422,772.0563
1110.8422,772.0563
1110.8422,772.0563
1110.8422,772.0563
1110.8422,772.0563
1110.8422,772.0563
1110.8422,772.0563
1110.8422,772.0563
1110.8422,772.0563
1110.8422,772.0563
1110.8422,772.0563
1112.9788,771.4733
1112.9788,771.4733
1112.9788,771.4733
1112.9788,771.4733
1112.9788,771.4733
1112.9788,771.4733
1112.9788,771.4733
1112.9788,771.4733
1112.9788,771.4733
1112.9788,771.4733
1112.9788,771.4733
1112.9788,771.4733
1112.1173,772.5347
1112.1173,772.5347
1112.1173,772.5347
1112.1173,772.5347
1112.1173,772.5347
1112.1173,772.5347
1112.1173,772.5347
1112.1173,772.5347
1112.1173,772.5347
1112.1173,772.5347
1112.1173,772.5347
1112.1173,772.5347
1112.0697,771.4974
1112.0697,771.4974
1112.0697,771.4974
1112.0697,771.4974
1112.0697,771.4974
1112.0697,771.4974
1112.0697,771.4974
1112.0697,771.4974
1112.0697,771.4974
1112.0697,771.4974
1112.0697,771.4974
1112.0697,771.4974
1112.0697,771.4974
1112.3579,768.6699
1112.3579,768.6699
1112.3579,768.6699
1112.3579,768.6699
1112.3579,768.6699
1112.3579,768.6699
1112.3579,768.6699
1112.3579,768.6699
1112.3579,768.6699
1112.3579,768.6699
1112.3579,768.6699
1112.3579,768.6699
1112.3579,768.6699
1106.9441,777.6951
1106.9441,777.6951
1106.9441,777.6951
1106.9441,777.6951
1106.9441,777.6951
1106.9441,777.6951
1106.9441,777.6951
1106.9441,777.6951
1106.9441,777.6951
1106.9441,777.6951
1106.9441,777.6951
1128.5302,779.7191
1128.5302,779.7191
1128.5302,779.7191
1128.5302,779.7191
1128.5302,779.7191
1128.5302,779.7191
1128.5302,779.7191
1128.5302,779.7191
1128.5302,779.7191
1128.5302,779.7191
1128.5302,779.7191
1128.5302,779.7191
1150.4436,779.1841
1150.4436,779.1841
1150.4436,779.1841
1150.4436,779.1841
1150.4436,779.1841
1150.4436,779.1841
1150.4436,779.1841
1150.4436,779.1841
1150.4436,779.1841
1150.4436,779.1841
1150.4436,779.1841
1150.4436,779.1841
1163.7172,779.0478
1163.7172,779.0478
1163.7172,779.0478
1163.7172,779.0478
1163.7172,779.0478
1163.7172,779.0478
1163.7172,779.0478
1163.7172,779.0478
1163.7172,779.0478
1163.7172,779.0478
1163.7172,779.0478
1163.7172,779.0478
1163.7172,779.0478
1178.595,777.2437
1178.595,777.2437
1178.595,777.2437
1178.595,777.2437
1178.595,777.2437
1178.595,777.2437
1178.595,777.2437
1178.595,777.2437
1178.595,777.2437
1178.595,777.2437
1178.595,777.2437
1178.595,777.2437
1188.1726,776.3022
1188.1726,776.3022
1188.1726,776.3022
1188.1726,776.3022
1188.1726,776.3022
1188.1726,776.3022
1188.1726,776.3022
1188.1726,776.3022
1188.1726,776.3022
1188.1726,776.3022
1188.1726,776.3022
1188.1726,776.3022
1623.8098,781.5624
1623.8098,781.5624
1623.8098,781.5624
1623.8098,781.5624
1623.8098,781.5624
1623.8098,781.5624
1623.8098,781.5624
1623.8098,781.5624
1623.8098,781.5624
1623.8098,781.5624
1623.8098,781.5624
1623.8098,781.5624
1623.8098,781.5624
1600.0536,815.8517
1600.0536,815.8517
1600.0536,815.8517
1600.0536,815.8517
1600.0536,815.8517
1600.0536,815.8517
1600.0536,815.8517
1600.0536,815.8517
1600.0536,815.8517
1600.0536,815.8517
1600.0536,815.8517
1598.7688,808.9944
1598.7688,808.9944
1598.7688,808.9944
1598.7688,808.9944
1598.7688,808.9944
1598.7688,808.9944
1598.7688,808.9944
1598.7688,808.9944
1598.7688,808.9944
1598.7688,808.9944
1598.7688,808.9944
1598.7688,808.9944
1598.8478,801.3038
1598.8478,801.3038
1598.8478,801.3038
1598.8478,801.3038
1598.8478,801.3038
1598.8478,801.3038
1598.8478,801.3038
1598.8478,801.3038
1598.8478,801.3038
1598.8478,801.3038
1598.8478,801.3038
1598.8478,801.3038
1595.8888,804.4121
1595.8888,804.4121
1595.8888,804.4121
1595.8888,804.4121
1595.8888,804.4121
1595.8888,804.4121
1595.8888,804.4121
1595.8888,804.4121
1595.8888,804.4121
1595.8888,804.4121
1595.8888,804.4121
1595.8888,804.4121
1589.4855,810.3882
1589.4855,810.3882
1589.4855,810.3882
1589.4855,810.3882
1589.4855,810.3882
1589.4855,810.3882
1589.4855,810.3882
1589.4855,810.3882
1589.4855,810.3882
1589.4855,810.3882
1589.4855,810.3882
1589.4855,810.3882
1502.6567,763.7245
1502.6567,763.7245
1502.6567,763.7245
1502.6567,763.7245
1502.6567,763.7245
1502.6567,763.7245
1502.6567,763.7245
1502.6567,763.7245
1502.6567,763.7245
1502.6567,763.7245
1502.6567,763.7245
1456.4813,779.9161
1456.4813,779.9161
1456.4813,779.9161
1456.4813,779.9161
1456.4813,779.9161
1456.4813,779.9161
1456.4813,779.9161
1456.4813,779.9161
1456.4813,779.9161
1456.4813,779.9161
1456.4813,779.9161
1464.1821,782.1752
1464.1821,782.1752
1464.1821,782.1752
1464.1821,782.1752
1464.1821,782.1752
1464.1821,782.1752
1464.1821,782.1752
1464.1821,782.1752
1464.1821,782.1752
1464.1821,782.1752
1464.1821,782.1752
1464.1821,782.1752
1464.7208,786.9683
1464.7208,786.9683
1464.7208,786.9683
1464.7208,786.9683
1464.7208,786.9683
1464.7208,786.9683
1464.7208,786.9683
1464.7208,786.9683
1464.7208,786.9683
1464.7208,786.9683
1464.7208,786.9683
1465.2028,791.5037
1465.2028,791.5037
1465.2028,791.5037
1465.2028,791.5037
1465.2028,791.5037
1465.2028,791.5037
1465.2028,791.5037
1465.2028,791.5037
1465.2028,791.5037
1465.2028,791.5037
1465.2028,791.5037
1465.2028,791.5037
1466.4456,793.6284
1466.4456,793.6284
1466.4456,793.6284
1466.4456,793.6284
1466.4456,793.6284
1466.4456,793.6284
1466.4456,793.6284
1466.4456,793.6284
1466.4456,793.6284
1466.4456,793.6284
1466.4456,793.6284
1468.8735,793.3369
1468.8735,793.3369
1468.8735,793.3369
1468.8735,793.3369
1468.8735,793.3369
1468.8735,793.3369
1468.8735,793.3369
1468.8735,793.3369
1468.8735,793.3369
1468.8735,793.3369
1468.8735,793.3369
1466.9794,797.2709
1466.9794,797.2709
1466.9794,797.2709
1466.9794,797.2709
1466.9794,797.2709
1466.9794,797.2709
1466.9794,797.2709
1466.9794,797.2709
1466.9794,797.2709
1466.9794,797.2709
1469.9564,797.2285
1469.9564,797.2285
1469.9564,797.2285
1469.9564,797.2285
1469.9564,797.2285
1469.9564,797.2285
1469.9564,797.2285
1469.9564,797.2285
1469.9564,797.2285
1469.9564,797.2285
1469.9564,797.2285
1476.7792,793.6197
1476.7792,793.6197
1476.7792,793.6197
1476.7792,793.6197
1476.7792,793.6197
1476.7792,793.6197
1476.7792,793.6197
1476.7792,793.6197
1476.7792,793.6197
1476.7792,793.6197
1476.7792,793.6197
1483.1304,790.78
1483.1304,790.78
1483.1304,790.78
1483.1304,790.78
1483.1304,790.78
1483.1304,790.78
1483.1304,790.78
1483.1304,790.78
1483.1304,790.78
1483.1304,790.78
1483.4248,792.9141
1483.4248,792.9141
1483.4248,792.9141
1483.4248,792.9141
1483.4248,792.9141
1483.4248,792.9141
1483.4248,792.9141
1483.4248,792.9141
1483.4248,792.9141
1483.4248,792.9141
1483.4248,792.9141
1485.8436,793.556
1485.8436,793.556
1485.8436,793.556
1485.8436,793.556
1485.8436,793.556
1485.8436,793.556
1485.8436,793.556
1485.8436,793.556
1485.8436,793.556
1485.8436,793.556
1486.4163,795.3052
1486.4163,795.3052
1486.4163,795.3052
1486.4163,795.3052
1486.4163,795.3052
1486.4163,795.3052
1486.4163,795.3052
1486.4163,795.3052
1486.4163,795.3052
1486.4163,795.3052
1486.4163,795.3052
1489.3376,795.4908
1489.3376,795.4908
1489.3376,795.4908
1489.3376,795.4908
1489.3376,795.4908
1489.3376,795.4908
1489.3376,795.4908
1489.3376,795.4908
1489.3376,795.4908
1489.3376,795.4908
1492.2849,795.5235
1492.2849,795.5235
1492.2849,795.5235
1492.2849,795.5235
1492.2849,795.5235
1492.2849,795.5235
1492.2849,795.5235
1492.2849,795.5235
1492.2849,795.5235
1492.2849,795.5235
1495.5004,795.2676
1495.5004,795.2676
1495.5004,795.2676
1495.5004,795.2676
1495.5004,795.2676
1495.5004,795.2676
1495.5004,795.2676
1495.5004,795.2676
1498.4027,794.9575
1498.4027,794.9575
1498.4027,794.9575
1498.4027,794.9575
1498.4027,794.9575
1498.4027,794.9575
1498.4027,794.9575
1498.4027,794.9575
1500.7366,795.0774
1500.7366,795.0774
1500.7366,795.0774
1500.7366,795.0774
1500.7366,795.0774
1500.7366,795.0774
1500.7366,795.0774
1500.7366,795.0774
1503.3148,795.0518
1503.3148,795.0518
1503.3148,795.0518
1503.3148,795.0518
1503.3148,795.0518
1503.3148,795.0518
1503.3148,795.0518
1503.3148,795.0518
1504.1426,795.8551
1504.1426,795.8551
1504.1426,795.8551
1504.1426,795.8551
1504.1426,795.8551
1504.1426,795.8551
1504.1426,795.8551
1504.1426,795.8551
1506.3319,795.6793
1506.3319,795.6793
1506.3319,795.6793
1506.3319,795.6793
1506.3319,795.6793
1506.3319,795.6793
1506.3319,795.6793
1506.3319,795.6793
1508.6497,795.3112
1508.6497,795.3112
1508.6497,795.3112
1508.6497,795.3112
1508.6497,795.3112
1508.6497,795.3112
1508.6497,795.3112
1510.944,794.8306
1510.944,794.8306
1510.944,794.8306
1510.944,794.8306
1510.944,794.8306
1510.944,794.8306
1510.944,794.8306
1510.944,794.8306
1513.4089,794.1926
1513.4089,794.1926
1513.4089,794.1926
1513.4089,794.1926
1513.4089,794.1926
1513.4089,794.1926
1513.4089,794.1926
1513.4089,794.1926
1514.9412,794.1299
1514.9412,794.1299
1514.9412,794.1299
1514.9412,794.1299
1514.9412,794.1299
1514.9412,794.1299
1514.9412,794.1299
1517.567,793.8971
1517.567,793.8971
1517.567,793.8971
1517.567,793.8971
1517.567,793.8971
1517.567,793.8971
1517.567,793.8971
1517.567,793.8971
1520.0367,793.5042
1520.0367,793.5042
1520.0367,793.5042
1520.0367,793.5042
1520.0367,793.5042
1520.0367,793.5042
1520.0367,793.5042
1520.0367,793.5042
1520.0367,793.5042
1522.9558,792.5236
1522.9558,792.5236
1522.9558,792.5236
1522.9558,792.5236
1522.9558,792.5236
1522.9558,792.5236
1522.9558,792.5236
1522.9558,792.5236
1522.9558,792.5236
1522.9558,792.5236
1525.8772,792.3221
1525.8772,792.3221
1525.8772,792.3221
1525.8772,792.3221
1525.8772,792.3221
1525.8772,792.3221
1525.8772,792.3221
1525.8772,792.3221
1525.8772,792.3221
2417.6531,1272.6179
2417.6531,1272.6179
2417.6531,1272.6179
2417.6531,1272.6179
2417.6531,1272.6179
2417.6531,1272.6179
2417.6531,1272.6179
2417.6531,1272.6179
2417.6531,1272.6179
2417.6531,1272.6179
2416.595,1265.8727
2416.595,1265.8727
2416.595,1265.8727
2416.595,1265.8727
2416.595,1265.8727
2416.595,1265.8727
2416.595,1265.8727
2416.595,1265.8727
2416.595,1265.8727
2413.4424,1258.8978
2413.4424,1258.8978
2413.4424,1258.8978
2413.4424,1258.8978
2413.4424,1258.8978
2413.4424,1258.8978
2413.4424,1258.8978
2413.4424,1258.8978
2413.4424,1258.8978
2413.4424,1258.8978
2410.8032,1258.5149
2410.8032,1258.5149
2410.8032,1258.5149
2410.8032,1258.5149
2410.8032,1258.5149
2410.8032,1258.5149
2410.8032,1258.5149
2410.8032,1258.5149
2410.8032,1258.5149
2408.8533,1258.6
2408.8533,1258.6
2408.8533,1258.6
2408.8533,1258.6
2408.8533,1258.6
2408.8533,1258.6
2408.8533,1258.6
2408.8533,1258.6
2408.8533,1258.6
2406.9639,1258.7029
2406.9639,1258.7029
2406.9639,1258.7029
2406.9639,1258.7029
2406.9639,1258.7029
2406.9639,1258.7029
2406.9639,1258.7029
2406.9639,1258.7029
2406.9639,1258.7029
2406.9639,1258.7029
2413.542,1287.9551
2413.542,1287.9551
2413.542,1287.9551
2413.542,1287.9551
2413.542,1287.9551
2413.542,1287.9551
2413.542,1287.9551
2413.542,1287.9551
2413.542,1287.9551
2415.6543,1285.7362
2415.6543,1285.7362
2415.6543,1285.7362
2415.6543,1285.7362
2415.6543,1285.7362
2415.6543,1285.7362
2415.6543,1285.7362
2415.6543,1285.7362
2415.6543,1285.7362
2403.9146,1269.5837
2403.9146,1269.5837
2403.9146,1269.5837
2403.9146,1269.5837
2403.9146,1269.5837
2403.9146,1269.5837
2403.9146,1269.5837
2403.9146,1269.5837
2403.9146,1269.5837
2390.0652,1268.5898
2390.0652,1268.5898
2390.0652,1268.5898
2390.0652,1268.5898
2390.0652,1268.5898
2390.0652,1268.5898
2390.0652,1268.5898
2390.0652,1268.5898
2390.0652,1268.5898
2382.1313,1263.4841
2382.1313,1263.4841
2382.1313,1263.4841
2382.1313,1263.4841
2382.1313,1263.4841
2382.1313,1263.4841
2382.1313,1263.4841
2382.1313,1263.4841
2374.4937,1261.0564
2374.4937,1261.0564
2374.4937,1261.0564
2374.4937,1261.0564
2374.4937,1261.0564
2374.4937,1261.0564
2374.4937,1261.0564
2374.4937,1261.0564
2374.4937,1261.0564
2362.5835,1257.035
2362.5835,1257.035
2362.5835,1257.035
2362.5835,1257.035
2362.5835,1257.035
2362.5835,1257.035
2362.5835,1257.035
2362.5835,1257.035
2362.5835,1257.035
2470.041,255.1384
2470.041,255.1384
2470.041,255.1384
2470.041,255.1384
2470.041,255.1384
2470.041,255.1384
2470.041,255.1384
2470.041,255.1384
2470.041,255.1384
0,0
0,0
0,0
0,0
0,0
0,0
0,0
0,0
0,0
2494.7009,166.7196
2494.7009,166.7196
2494.7009,166.7196
2494.7009,166.7196
2494.7009,166.7196
2494.7009,166.7196
2494.7009,166.7196
2494.7009,166.7196
2506.8313,150.7587
2506.8313,150.7587
2506.8313,150.7587
2506.8313,150.7587
2506.8313,150.7587
2506.8313,150.7587
2506.8313,150.7587
2506.8313,150.7587
2512.3218,141.4861
2512.3218,141.4861
2512.3218,141.4861
2512.3218,141.4861
2512.3218,141.4861
2512.3218,141.4861
2512.3218,141.4861
2512.3218,141.4861
2516.1055,134.1674
2516.1055,134.1674
2516.1055,134.1674
2516.1055,134.1674
2516.1055,134.1674
2516.1055,134.1674
2516.1055,134.1674
2516.1055,134.1674
2494.5051,243.3501
2494.5051,243.3501
2494.5051,243.3501
2494.5051,243.3501
2494.5051,243.3501
2494.5051,243.3501
2494.5051,243.3501
2494.5051,243.3501
2494.5051,243.3501
2468.1001,95.8265
2468.1001,95.8265
2468.1001,95.8265
2468.1001,95.8265
2468.1001,95.8265
2468.1001,95.8265
2468.1001,95.8265
2469.7512,175.3601
2469.7512,175.3601
2469.7512,175.3601
2469.7512,175.3601
2469.7512,175.3601
2469.7512,175.3601
2469.7512,175.3601
2469.7512,175.3601
2469.7512,175.3601
2466.8489,170.7504
2466.8489,170.7504
2466.8489,170.7504
2466.8489,170.7504
2466.8489,170.7504
2466.8489,170.7504
2466.8489,170.7504
2466.8489,170.7504
2466.1101,174.6456
2466.1101,174.6456
2466.1101,174.6456
2466.1101,174.6456
2466.1101,174.6456
2466.1101,174.6456
2466.1101,174.6456
2464.7349,171.6093
2464.7349,171.6093
2464.7349,171.6093
2464.7349,171.6093
2464.7349,171.6093
2464.7349,171.6093
2464.7349,171.6093
2464.7349,171.6093
2463.8965,159.9989
2463.8965,159.9989
2463.8965,159.9989
2463.8965,159.9989
2463.8965,159.9989
2463.8965,159.9989
2463.8965,159.9989
2455.0332,176.8994
2455.0332,176.8994
2455.0332,176.8994
2455.0332,176.8994
2455.0332,176.8994
2455.0332,176.8994
2455.0332,176.8994
2455.0332,176.8994
2461.0061,172.7137
2461.0061,172.7137
2461.0061,172.7137
2461.0061,172.7137
2461.0061,172.7137
2461.0061,172.7137
2461.0061,172.7137
2461.9639,147.1178
2461.9639,147.1178
2461.9639,147.1178
2461.9639,147.1178
2461.9639,147.1178
2461.9639,147.1178
2461.9639,147.1178
2462.2371,137.6978
2462.2371,137.6978
2462.2371,137.6978
2462.2371,137.6978
2462.2371,137.6978
2462.2371,137.6978
2462.2371,137.6978
2462.2371,137.6978
2462.6685,132.793
2462.6685,132.793
2462.6685,132.793
2462.6685,132.793
2462.6685,132.793
2462.6685,132.793
2462.6685,132.793
2462.9265,129.9656
2462.9265,129.9656
2462.9265,129.9656
2462.9265,129.9656
2462.9265,129.9656
2462.9265,129.9656
2462.9265,129.9656
2462.9265,129.9656
2463.3257,127.9339
2463.3257,127.9339
2463.3257,127.9339
2463.3257,127.9339
2463.3257,127.9339
2463.3257,127.9339
2463.3257,127.9339
2463.7109,126.4375
2463.7109,126.4375
2463.7109,126.4375
2463.7109,126.4375
2463.7109,126.4375
2463.7109,126.4375
2463.7109,126.4375
2463.7109,126.4375
2464.4604,125.38
2464.4604,125.38
2464.4604,125.38
2464.4604,125.38
2464.4604,125.38
2464.4604,125.38
2464.4604,125.38
2464.4604,125.38
2465.4395,124.7076
2465.4395,124.7076
2465.4395,124.7076
2465.4395,124.7076
2465.4395,124.7076
2465.4395,124.7076
2465.4395,124.7076
2465.4395,124.7076
2466.3467,136.1286
2466.3467,136.1286
2466.3467,136.1286
2466.3467,136.1286
2466.3467,136.1286
2466.3467,136.1286
2466.3467,136.1286
2466.7024,141.889
2466.7024,141.889
2466.7024,141.889
2466.7024,141.889
2466.7024,141.889
2466.7024,141.889
2466.7024,141.889
2466.7024,141.889
2467.4373,140.7854
2467.4373,140.7854
2467.4373,140.7854
2467.051,144.5504
2466.9231,146.3339
2466.9231,146.3339
2466.9231,146.3339
2466.4199,148.9809
2466.4199,148.9809
2466.4199,148.9809
2466.4199,148.9809
2466.4199,148.9809
2466.4199,148.9809
2466.4199,148.9809
2466.4199,148.9809
2466.6328,148.0976
2466.6328,148.0976
2466.6328,148.0976
2466.6328,148.0976
2466.6328,148.0976
2466.6328,148.0976
2466.6328,148.0976
2466.6328,148.0976
2465.3462,151.1325
2465.3462,151.1325
2465.3462,151.1325
2465.3462,151.1325
2465.3462,151.1325
2465.3462,151.1325
2465.3462,151.1325
2502.9832,419.792
2502.9832,419.792
2502.9832,419.792
2502.9832,419.792
2502.9832,419.792
2502.9832,419.792
2502.9832,419.792
2464.1077,440.536
2464.1077,440.536
2464.1077,440.536
2464.1077,440.536
2464.1077,440.536
2464.1077,440.536
2464.1077,440.536
2464.1077,440.536
2452.8369,451.1284
2452.8369,451.1284
2452.8369,451.1284
2452.8369,451.1284
2452.8369,451.1284
2452.8369,451.1284
2452.8369,451.1284
2457.9177,451.6924
2457.9177,451.6924
2457.9177,451.6924
2457.9177,451.6924
2457.9177,451.6924
2457.9177,451.6924
2457.9177,451.6924
2457.9177,451.6924
2459.873,450.7117
2459.873,450.7117
2459.873,450.7117
2459.873,450.7117
2459.873,450.7117
2459.873,450.7117
2459.873,450.7117
2459.873,450.7117
2457.6494,447.9858
2457.6494,447.9858
2457.6494,447.9858
2457.6494,447.9858
2457.6494,447.9858
2457.6494,447.9858
2457.6494,447.9858
2441.261,292.9303
2441.261,292.9303
2441.261,292.9303
2441.261,292.9303
2441.261,292.9303
2441.261,292.9303
2441.261,292.9303
2448.1714,336.1941
2448.1714,336.1941
2448.1714,336.1941
2448.1714,336.1941
2448.1714,336.1941
2448.1714,336.1941
2448.1714,336.1941
2449.7158,336.4511
2449.7158,336.4511
2449.7158,336.4511
2449.7158,336.4511
2449.7158,336.4511
2449.7158,336.4511
2449.7158,336.4511
2450.3547,333.8182
2450.3547,333.8182
2450.3547,333.8182
2450.3547,333.8182
2450.3547,333.8182
2450.3547,333.8182
2450.3547,333.8182
2450.7324,332.6479
2450.7324,332.6479
2450.7324,332.6479
2450.7324,332.6479
2450.7324,332.6479
2450.7324,332.6479
2450.7324,332.6479
2451.6387,333.2678
2451.6387,333.2678
2451.6387,333.2678
2451.6387,333.2678
2451.6387,333.2678
2451.6387,333.2678
2451.6387,333.2678
2451.6387,333.2678
2452.3469,330.1612
2452.3469,330.1612
2452.3469,330.1612
2452.3469,330.1612
2452.3469,330.1612
2452.3469,330.1612
2452.3469,330.1612
2453.199,328.3449
2453.199,328.3449
2453.199,328.3449
2453.199,328.3449
2453.199,328.3449
2453.199,328.3449
2453.199,328.3449
2453.8428,328.3177
2453.8428,328.3177
2453.8428,328.3177
2453.8428,328.3177
2453.8428,328.3177
2453.8428,328.3177
2453.8428,328.3177
2454.2852,329.5887
2454.2852,329.5887
2454.2852,329.5887
2454.2852,329.5887
2454.2852,329.5887
2454.2852,329.5887
2454.2852,329.5887
2453.9932,328.0537
2453.9932,328.0537
2453.9932,328.0537
2453.9932,328.0537
2453.9932,328.0537
2453.9932,328.0537
2453.9932,328.0537
2453.7954,328.3518
2453.7954,328.3518
2453.7954,328.3518
2453.7954,328.3518
2453.7954,328.3518
2453.7954,328.3518
2453.7954,328.3518
2452.8796,325.5805
2452.8796,325.5805
2452.8796,325.5805
2452.8796,325.5805
2452.8796,325.5805
2452.8796,325.5805
2452.8796,325.5805
2451.9827,323.7937
2451.9827,323.7937
2451.9827,323.7937
2451.9827,323.7937
2451.9827,323.7937
2451.9827,323.7937
2451.9827,323.7937
2450.9993,321.593
2450.9993,321.593
2450.9993,321.593
2450.9993,321.593
2450.9993,321.593
2450.9993,321.593
2450.9993,321.593
2450.2441,321.1169
2450.2441,321.1169
2450.2441,321.1169
2450.2441,321.1169
2450.2441,321.1169
2450.2441,321.1169
2450.2441,321.1169
2449.1741,319.0117
2449.1741,319.0117
2449.1741,319.0117
2449.1741,319.0117
2449.1741,319.0117
2449.1741,319.0117
2448.0005,316.49
2448.0005,316.49
2448.0005,316.49
2448.0005,316.49
2448.0005,316.49
2448.0005,316.49
2448.0005,316.49
2446.7546,313.9427
2446.7546,313.9427
2446.7546,313.9427
2446.7546,313.9427
2446.7546,313.9427
2446.7546,313.9427
2446.7546,313.9427
2445.457,311.6439
2445.457,311.6439
2445.457,311.6439
2445.457,311.6439
2445.457,311.6439
2445.457,311.6439
2445.457,311.6439
2444.1604,309.4926
2444.1604,309.4926
2444.1604,309.4926
2444.1604,309.4926
2444.1604,309.4926
2444.1604,309.4926
2442.8789,307.5484
2442.8789,307.5484
2442.8789,307.5484
2442.8789,307.5484
2442.8789,307.5484
2442.8789,307.5484
2442.8789,307.5484
2441.5681,305.8817
2441.5681,305.8817
2441.5681,305.8817
2441.5681,305.8817
2441.5681,305.8817
2441.5681,305.8817
2440.1965,303.9989
2440.1965,303.9989
2440.1965,303.9989
2440.1965,303.9989
2440.1965,303.9989
2440.1965,303.9989
2440.1965,303.9989
2438.6958,301.2793
2438.6958,301.2793
2438.6958,301.2793
2438.6958,301.2793
2438.6958,301.2793
2438.6958,301.2793
2438.6958,301.2793
2438.2036,301.1128
2438.2036,301.1128
2438.2036,301.1128
2438.2036,301.1128
2438.2036,301.1128
2438.2036,301.1128
2436.8398,299.294
2436.8398,299.294
2436.8398,299.294
2436.8398,299.294
2436.8398,299.294
2436.8398,299.294
2436.8398,299.294
2435.9424,298.2382
2435.9424,298.2382
2435.9424,298.2382
2435.9424,298.2382
2435.9424,298.2382
2435.9424,298.2382
2435.9424,298.2382
2434.9004,297.097
2434.9004,297.097
2434.9004,297.097
2434.9004,297.097
2434.9004,297.097
2434.9004,297.097
2434.9004,297.097
2433.9409,295.8011
2433.9409,295.8011
2433.9409,295.8011
2433.9409,295.8011
2433.9409,295.8011
2433.9409,295.8011
2432.9966,294.4086
2432.9966,294.4086
2432.9966,294.4086
2432.9966,294.4086
2432.9966,294.4086
2432.9966,294.4086
2432.9966,294.4086
2432.0811,293.4114
2432.0811,293.4114
2432.0811,293.4114
2432.0811,293.4114
2432.0811,293.4114
2432.0811,293.4114
2431.5479,292.7708
2431.5479,292.7708
2431.5479,292.7708
2431.5479,292.7708
2431.5479,292.7708
2431.5479,292.7708
2431.5479,292.7708
2430.7937,291.6271
2430.7937,291.6271
2430.7937,291.6271
2430.7937,291.6271
2430.7937,291.6271
2430.7937,291.6271
2430.8306,291.5208
2430.8306,291.5208
2430.8306,291.5208
2430.8306,291.5208
2430.8306,291.5208
2430.8306,291.5208
2430.8306,291.5208
2430.4614,291.1089
2430.4614,291.1089
2430.4614,291.1089
2430.4614,291.1089
2430.4614,291.1089
2430.4614,291.1089
2429.6492,289.8644
2429.6492,289.8644
2429.6492,289.8644
2429.6492,289.8644
2429.6492,289.8644
2429.6492,289.8644
2429.6492,289.8644
2429.4521,290.5296
2429.4521,290.5296
2429.4521,290.5296
2429.4521,290.5296
2429.4521,290.5296
2429.4521,290.5296
2428.1462,289.2099
2428.1462,289.2099
2428.1462,289.2099
2428.1462,289.2099
2428.1462,289.2099
2428.1462,289.2099
2428.1462,289.2099
2426.8354,288.1724
2426.8354,288.1724
2426.8354,288.1724
2426.8354,288.1724
2426.8354,288.1724
2426.8354,288.1724
2425.4316,287.0783
2425.4316,287.0783
2425.4316,287.0783
2425.4316,287.0783
2425.4316,287.0783
2425.4316,287.0783
2424.009,286.4775
2424.009,286.4775
2424.009,286.4775
2424.009,286.4775
2424.009,286.4775
2424.009,286.4775
2424.009,286.4775
2422.7151,288.3596
2422.7151,288.3596
2422.7151,288.3596
2422.7151,288.3596
2422.7151,288.3596
2422.7151,288.3596
2421.2476,288.2696
2421.2476,288.2696
2421.2476,288.2696
2421.2476,288.2696
2421.2476,288.2696
2421.2476,288.2696
2419.8059,289.5335
2419.8059,289.5335
2419.8059,289.5335
2419.8059,289.5335
2419.8059,289.5335
2419.8059,289.5335
2418.3113,290.8446
2418.3113,290.8446
2418.3113,290.8446
2418.3113,290.8446
2418.3113,290.8446
2418.3113,290.8446
2418.3113,290.8446
2416.8601,291.783
2416.8601,291.783
2416.8601,291.783
2416.8601,291.783
2416.8601,291.783
2416.8601,291.783
2415.4192,292.5834
2415.4192,292.5834
2415.4192,292.5834
2415.4192,292.5834
2415.4192,292.5834
2415.4192,292.5834
2413.9912,293.5641
2413.9912,293.5641
2413.9912,293.5641
2413.9912,293.5641
2413.9912,293.5641
2413.9912,293.5641
2412.6523,294.7347
2412.6523,294.7347
2412.6523,294.7347
2412.6523,294.7347
2412.6523,294.7347
2412.6523,294.7347
2412.6523,294.7347
2411.4641,295.1342
2411.4641,295.1342
2411.4641,295.1342
2411.4641,295.1342
2411.4641,295.1342
2411.4641,295.1342
2410.7434,295.701
2410.7434,295.701
2410.7434,295.701
2410.7434,295.701
2410.7434,295.701
2410.7434,295.701
2410.2053,296.081
2410.2053,296.081
2410.2053,296.081
2410.2053,296.081
2410.2053,296.081
2410.2053,296.081
2409.7983,295.6733
2409.7983,295.6733
2409.7983,295.6733
2409.7983,295.6733
2409.7983,295.6733
2409.7983,295.6733
2409.7983,295.6733
2410.0315,296.219
2410.0315,296.219
2410.0315,296.219
2410.0315,296.219
2410.0315,296.219
2410.0315,296.219
2410.5208,296.6381
2410.5208,296.6381
2410.5208,296.6381
2410.5208,296.6381
2410.5208,296.6381
2410.5208,296.6381
2411.2234,296.8036
2411.2234,296.8036
2411.2234,296.8036
2411.2234,296.8036
2411.2234,296.8036
2411.2234,296.8036
2412.0864,296.8488
2412.0864,296.8488
2412.0864,296.8488
2412.0864,296.8488
2412.0864,296.8488
2412.0864,296.8488
2413.4285,297.0704
2413.4285,297.0704
2413.4285,297.0704
2413.4285,297.0704
2413.4285,297.0704
2413.4285,297.0704
2414.6902,296.7951
2414.6902,296.7951
2414.6902,296.7951
2414.6902,296.7951
2414.6902,296.7951
2414.6902,296.7951
2414.6902,296.7951
2416.4521,296.7492
2416.4521,296.7492
2416.4521,296.7492
2416.4521,296.7492
2416.4521,296.7492
2416.4521,296.7492
2418.5754,296.8292
2418.5754,296.8292
2418.5754,296.8292
2418.5754,296.8292
2418.5754,296.8292
2418.5754,296.8292
2420.5254,296.2641
2420.5254,296.2641
2420.5254,296.2641
2420.5254,296.2641
2420.5254,296.2641
2420.5254,296.2641
2424.217,296.7902
2424.217,296.7902
2424.217,296.7902
2424.217,296.7902
2424.217,296.7902
2424.217,296.7902
2427.3701,296.6587
2427.3701,296.6587
2427.3701,296.6587
2427.3701,296.6587
2427.3701,296.6587
2427.3701,296.6587
2431.6868,297.1507
2431.6868,297.1507
2431.6868,297.1507
2431.6868,297.1507
2431.6868,297.1507
2431.6868,297.1507
2435.5073,296.9379
2435.5073,296.9379
2435.5073,296.9379
2435.5073,296.9379
2435.5073,296.9379
2435.5073,296.9379
2439.4832,296.1844
2439.4832,296.1844
2439.4832,296.1844
2439.4832,296.1844
2439.4832,296.1844
2439.4832,296.1844
2444.4065,296.69
2444.4065,296.69
2444.4065,296.69
2444.4065,296.69
2444.4065,296.69
2444.4065,296.69
2448.7002,295.9955
2448.7002,295.9955
2448.7002,295.9955
2448.7002,295.9955
2448.7002,295.9955
2448.7002,295.9955
2452.9653,295.1089
2452.9653,295.1089
2452.9653,295.1089
2452.9653,295.1089
2452.9653,295.1089
2452.9653,295.1089
2457.5767,294.6382
2457.5767,294.6382
2457.5767,294.6382
2457.5767,294.6382
2457.5767,294.6382
2457.5767,294.6382
2462.0627,293.9678
2462.0627,293.9678
2462.0627,293.9678
2462.0627,293.9678
2462.0627,293.9678
2462.0627,293.9678
2466.6255,293.3239
2466.6255,293.3239
2466.6255,293.3239
2466.6255,293.3239
2466.6255,293.3239
2466.6255,293.3239
2470.8833,292.3284
2470.8833,292.3284
2470.8833,292.3284
2470.8833,292.3284
2470.8833,292.3284
2470.8833,292.3284
2474.8677,291.2933
2474.8677,291.2933
2474.8677,291.2933
2474.8677,291.2933
2474.8677,291.2933
2474.8677,291.2933
2478.887,290.4894
2478.887,290.4894
2478.887,290.4894
2478.887,290.4894
2478.887,290.4894
2478.887,290.4894
2481.8518,288.3979
2481.8518,288.3979
2481.8518,288.3979
2481.8518,288.3979
2481.8518,288.3979
2481.8518,288.3979
0,0
0,0
0,0
0,0
0,0
0,0
2486.0388,287.9296
2486.0388,287.9296
2486.0388,287.9296
2486.0388,287.9296
2486.0388,287.9296
2486.0388,287.9296
2488.5051,286.1813
2488.5051,286.1813
2488.5051,286.1813
2488.5051,286.1813
2488.5051,286.1813
2490.9199,286.539
2490.9199,286.539
2490.9199,286.539
2490.9199,286.539
2490.9199,286.539
2490.9199,286.539
2493.6436,286.4947
2493.6436,286.4947
2493.6436,286.4947
2493.6436,286.4947
2493.6436,286.4947
2493.6436,286.4947
2496.0532,285.4261
2496.0532,285.4261
2496.0532,285.4261
2496.0532,285.4261
2496.0532,285.4261
2496.0532,285.4261
2498.6057,284.6845
2498.6057,284.6845
2498.6057,284.6845
2498.6057,284.6845
2498.6057,284.6845
2500.9539,283.4543
2500.9539,283.4543
2500.9539,283.4543
2500.9539,283.4543
2500.9539,283.4543
2500.9539,283.4543
2503.5095,282.4189
2503.5095,282.4189
2503.5095,282.4189
2503.5095,282.4189
2503.5095,282.4189
2503.5095,282.4189
2506.447,282.1667
2506.447,282.1667
2506.447,282.1667
2506.447,282.1667
2506.447,282.1667
2506.447,282.1667
2509.0632,281.5828
2509.0632,281.5828
2509.0632,281.5828
2509.0632,281.5828
2509.0632,281.5828
2511.1528,280.7695
2511.1528,280.7695
2511.1528,280.7695
2511.1528,280.7695
2511.1528,280.7695
2513.5183,280.6747
2513.5183,280.6747
2513.5183,280.6747
2513.5183,280.6747
2513.5183,280.6747
2513.5183,280.6747
2515.3667,280.0302
2515.3667,280.0302
2515.3667,280.0302
2515.3667,280.0302
2515.3667,280.0302
2517.1704,279.4461
2517.1704,279.4461
2517.1704,279.4461
2517.1704,279.4461
2517.1704,279.4461
2517.1704,279.4461
2518.9153,279.2014
2518.9153,279.2014
2518.9153,279.2014
2518.9153,279.2014
2518.9153,279.2014
2518.9153,279.2014
2520.2625,278.3571
2520.2625,278.3571
2520.2625,278.3571
2520.2625,278.3571
2520.2625,278.3571
2520.2625,278.3571
2512.9065,281.1039
2512.9065,281.1039
2512.9065,281.1039
2512.9065,281.1039
2512.9065,281.1039
2505.0588,284.2906
2505.0588,284.2906
2505.0588,284.2906
2505.0588,284.2906
2505.0588,284.2906
2505.0588,284.2906
2497.27,286.9965
2497.27,286.9965
2497.27,286.9965
2497.27,286.9965
2497.27,286.9965
2497.27,286.9965
2488.415,291.8029
2488.415,291.8029
2488.415,291.8029
2488.415,291.8029
2488.415,291.8029
2482.3442,294.0346
2482.3442,294.0346
2482.3442,294.0346
2482.3442,294.0346
2482.3442,294.0346
2482.3442,294.0346
2475.064,297.4087
2475.064,297.4087
2475.064,297.4087
2475.064,297.4087
2475.064,297.4087
2468.5161,300.3316
2468.5161,300.3316
2468.5161,300.3316
2468.5161,300.3316
2468.5161,300.3316
2468.5161,300.3316
2462.9795,302.2045
2462.9795,302.2045
2462.9795,302.2045
2462.9795,302.2045
2462.9795,302.2045
2462.9795,302.2045
2456.4834,305.4169
2456.4834,305.4169
2456.4834,305.4169
2456.4834,305.4169
2456.4834,305.4169
2450.3735,307.6684
2450.3735,307.6684
2450.3735,307.6684
2450.3735,307.6684
2450.3735,307.6684
2450.3735,307.6684
2445.9353,308.8806
2445.9353,308.8806
2445.9353,308.8806
2445.9353,308.8806
2445.9353,308.8806
2441.7932,309.4956
2441.7932,309.4956
2441.7932,309.4956
2441.7932,309.4956
2441.7932,309.4956
2441.7932,309.4956
2436.9121,311.0518
2436.9121,311.0518
2436.9121,311.0518
2436.9121,311.0518
2436.9121,311.0518
2432.6003,312.4455
2432.6003,312.4455
2432.6003,312.4455
2432.6003,312.4455
2432.6003,312.4455
2432.6003,312.4455
2429.4141,312.7745
2429.4141,312.7745
2429.4141,312.7745
2429.4141,312.7745
2429.4141,312.7745
2425.958,314.1272
2425.958,314.1272
2425.958,314.1272
2425.958,314.1272
2425.958,314.1272
2425.958,314.1272
2423.5154,313.9534
2423.5154,313.9534
2423.5154,313.9534
2423.5154,313.9534
2423.5154,313.9534
2421.0022,314.4441
2421.0022,314.4441
2421.0022,314.4441
2421.0022,314.4441
2421.0022,314.4441
2419.2056,314.6478
2419.2056,314.6478
2419.2056,314.6478
2419.2056,314.6478
2419.2056,314.6478
2417.5979,315.694
2417.5979,315.694
2417.5979,315.694
2417.5979,315.694
2417.5979,315.694
2417.5979,315.694
2416.5366,315.6002
2416.5366,315.6002
2416.5366,315.6002
2416.5366,315.6002
2416.5366,315.6002
2415.9919,315.3286
2415.9919,315.3286
2415.9919,315.3286
2415.9919,315.3286
2415.9919,315.3286
2415.7954,314.0949
2415.7954,314.0949
2415.7954,314.0949
2415.7954,314.0949
2415.7954,314.0949
2415.7954,314.0949
2415.9199,313.3755
2415.9199,313.3755
2415.9199,313.3755
2415.9199,313.3755
2415.9199,313.3755
2416.4353,312.7945
2416.4353,312.7945
2416.4353,312.7945
2416.4353,312.7945
2416.4353,312.7945
2416.4353,312.7945
2419.0444,311.4628
2419.0444,311.4628
2419.0444,311.4628
2419.0444,311.4628
2419.0444,311.4628
2422.3508,310.6716
2422.3508,310.6716
2422.3508,310.6716
2422.3508,310.6716
2422.3508,310.6716
2425.6328,309.3838
2425.6328,309.3838
2425.6328,309.3838
2425.6328,309.3838
2425.6328,309.3838
2425.6328,309.3838
2429.7336,308.2237
2429.7336,308.2237
2429.7336,308.2237
2429.7336,308.2237
2429.7336,308.2237
2433.3333,307.1447
2433.3333,307.1447
2433.3333,307.1447
2433.3333,307.1447
2433.3333,307.1447
2437.3411,305.6011
2437.3411,305.6011
2437.3411,305.6011
2437.3411,305.6011
2437.3411,305.6011
2437.3411,305.6011
2441.4363,304.0555
2441.4363,304.0555
2441.4363,304.0555
2441.4363,304.0555
2441.4363,304.0555
2446.0957,303.2935
2446.0957,303.2935
2446.0957,303.2935
2446.0957,303.2935
2446.0957,303.2935
2451.1731,302.2133
2451.1731,302.2133
2451.1731,302.2133
2451.1731,302.2133
2451.1731,302.2133
2456.2314,301.3439
2456.2314,301.3439
2456.2314,301.3439
2456.2314,301.3439
2456.2314,301.3439
2456.2314,301.3439
2460.4172,299.8695
2460.4172,299.8695
2460.4172,299.8695
2460.4172,299.8695
2460.4172,299.8695
2465.6196,297.6922
2465.6196,297.6922
2465.6196,297.6922
2465.6196,297.6922
2465.6196,297.6922
2465.6196,297.6922
1423.7311,485.5493
1423.7311,485.5493
1423.7311,485.5493
1423.7311,485.5493
1423.7311,485.5493
1271.338,590.2003
1271.338,590.2003
1271.338,590.2003
1271.338,590.2003
1271.338,590.2003
1244.2194,608.9235
1244.2194,608.9235
1244.2194,608.9235
1244.2194,608.9235
1244.2194,608.9235
1225.3735,623.8082
1225.3735,623.8082
1225.3735,623.8082
1225.3735,623.8082
1225.3735,623.8082
1210.5488,634.1536
1210.5488,634.1536
1210.5488,634.1536
1210.5488,634.1536
1189.1519,648.8951
1189.1519,648.8951
1189.1519,648.8951
1189.1519,648.8951
1189.1519,648.8951
1136.8267,755.8324
1136.8267,755.8324
1136.8267,755.8324
1136.8267,755.8324
1136.8267,755.8324
1336.5166,957.0447
1336.5166,957.0447
1336.5166,957.0447
1336.5166,957.0447
1336.5166,957.0447
1364.476,1008.9202
1364.476,1008.9202
1364.476,1008.9202
1364.476,1008.9202
1364.476,1008.9202
1364.476,1008.9202
1384.603,1059.5564
1384.603,1059.5564
1384.603,1059.5564
1384.603,1059.5564
1384.603,1059.5564
1400.7084,1092.2032
1400.7084,1092.2032
1400.7084,1092.2032
1400.7084,1092.2032
1400.7084,1092.2032
1426.2074,1135.0673
1426.2074,1135.0673
1426.2074,1135.0673
1426.2074,1135.0673
1426.2074,1135.0673
1426.2074,1135.0673
1248.0635,1846.6399
1248.0635,1846.6399
1248.0635,1846.6399
1248.0635,1846.6399
1248.0635,1846.6399
1134.0137,1875.8022
1134.0137,1875.8022
1134.0137,1875.8022
1134.0137,1875.8022
1134.0137,1875.8022
1152.2104,1869.7036
1152.2104,1869.7036
1152.2104,1869.7036
1152.2104,1869.7036
1152.2104,1869.7036
1162.1271,1865.7747
1162.1271,1865.7747
1162.1271,1865.7747
1162.1271,1865.7747
1162.1271,1865.7747
1158.2687,1864.8021
1158.2687,1864.8021
1158.2687,1864.8021
1158.2687,1864.8021
1158.2687,1864.8021
1158.1914,1867.3507
1158.1914,1867.3507
1158.1914,1867.3507
1158.1914,1867.3507
1158.1914,1867.3507
1158.1914,1867.3507
1164.3704,1872.6449
1164.3704,1872.6449
1164.3704,1872.6449
1164.3704,1872.6449
1164.3704,1872.6449
1471.5227,1846.0322
1471.5227,1846.0322
1471.5227,1846.0322
1471.5227,1846.0322
1471.5227,1846.0322
1453.8195,1838.4215
1453.8195,1838.4215
1453.8195,1838.4215
1453.8195,1838.4215
1453.8195,1838.4215
1456.6123,1832.093
1456.6123,1832.093
1456.6123,1832.093
1456.6123,1832.093
1456.6123,1832.093
1457.8625,1828.74
1457.8625,1828.74
1457.8625,1828.74
1457.8625,1828.74
1457.8625,1828.74
1457.8625,1828.74
1463.291,1818.0522
1463.291,1818.0522
1463.291,1818.0522
1463.291,1818.0522
1463.291,1818.0522
1630.4131,1840.4989
1630.4131,1840.4989
1630.4131,1840.4989
1630.4131,1840.4989
1630.4131,1840.4989
1548.83,1803.7478
1548.83,1803.7478
1548.83,1803.7478
1548.83,1803.7478
1548.83,1803.7478
1549.0385,1777.3708
1549.0385,1777.3708
1549.0385,1777.3708
1549.0385,1777.3708
1549.0385,1777.3708
1541.687,1741.5072
1541.687,1741.5072
1541.687,1741.5072
1541.687,1741.5072
1541.687,1741.5072
1562.0947,1771.4753
1562.0947,1771.4753
1562.0947,1771.4753
1562.0947,1771.4753
1562.0947,1771.4753
1547.4427,1761.3727
1547.4427,1761.3727
1547.4427,1761.3727
1547.4427,1761.3727
1547.4427,1761.3727
1551.2533,1754.6859
1551.2533,1754.6859
1551.2533,1754.6859
1551.2533,1754.6859
1551.2533,1754.6859
1557.1021,1742.1355
1557.1021,1742.1355
1557.1021,1742.1355
1557.1021,1742.1355
1557.1021,1742.1355
1221.9912,1356.678
1221.9912,1356.678
1221.9912,1356.678
1221.9912,1356.678
1221.9912,1356.678
1203.2557,1541.1672
1203.2557,1541.1672
1203.2557,1541.1672
1203.2557,1541.1672
1203.2557,1541.1672
1222.3739,1645.2826
1222.3739,1645.2826
1222.3739,1645.2826
1222.3739,1645.2826
1222.3739,1645.2826
1222.3739,1645.2826
1206.7213,1705.2379
1206.7213,1705.2379
1206.7213,1705.2379
1206.7213,1705.2379
1206.7213,1705.2379
1205.2651,1772.3025
1205.2651,1772.3025
1205.2651,1772.3025
1205.2651,1772.3025
1205.2651,1772.3025
1171.5459,1811.7922
1171.5459,1811.7922
1171.5459,1811.7922
1171.5459,1811.7922
1171.5459,1811.7922
922.5549,1960.2697
922.5549,1960.2697
922.5549,1960.2697
922.5549,1960.2697
922.5549,1960.2697
1194.8739,2070.6311
1194.8739,2070.6311
1194.8739,2070.6311
1194.8739,2070.6311
1194.8739,2070.6311
1139.1307,2032.6753
1139.1307,2032.6753
1139.1307,2032.6753
1139.1307,2032.6753
1139.1307,2032.6753
1091.1042,1945.7825
1091.1042,1945.7825
1091.1042,1945.7825
1091.1042,1945.7825
1091.1042,1945.7825
1067.9449,1826.7881
1067.9449,1826.7881
1067.9449,1826.7881
1067.9449,1826.7881
1067.9449,1826.7881
1041.4106,1660.2986
1041.4106,1660.2986
1041.4106,1660.2986
1041.4106,1660.2986
1041.4106,1660.2986
927.0294,757.9499
927.0294,757.9499
927.0294,757.9499
927.0294,757.9499
927.0294,757.9499
880.5699,768.1185
880.5699,768.1185
880.5699,768.1185
880.5699,768.1185
880.5699,768.1185
891.1111,768.4609
891.1111,768.4609
891.1111,768.4609
891.1111,768.4609
891.1111,768.4609
892.2644,768.1691
892.2644,768.1691
892.2644,768.1691
892.2644,768.1691
892.2644,768.1691
889.459,769.1147
889.459,769.1147
889.459,769.1147
889.459,769.1147
889.459,769.1147
927.1113,740.5682
927.1113,740.5682
927.1113,740.5682
927.1113,740.5682
927.1113,740.5682
1087.0361,619.7617
1087.0361,619.7617
1087.0361,619.7617
1087.0361,619.7617
1087.0361,619.7617
1087.488,613.7394
1087.488,613.7394
1087.488,613.7394
1087.488,613.7394
1087.488,613.7394
1050.9001,643.5082
1050.9001,643.5082
1050.9001,643.5082
1050.9001,643.5082
1050.9001,643.5082
1038.4735,654.0933
1038.4735,654.0933
1038.4735,654.0933
1038.4735,654.0933
1038.4735,654.0933
1022.5906,665.1268
1022.5906,665.1268
1022.5906,665.1268
1022.5906,665.1268
1024.7866,663.5051
1024.7866,663.5051
1024.7866,663.5051
1024.7866,663.5051
1024.7866,663.5051
1027.2432,662.1941
1027.2432,662.1941
1027.2432,662.1941
1027.2432,662.1941
1027.2432,662.1941
1029.9696,659.9247
1029.9696,659.9247
1029.9696,659.9247
1029.9696,659.9247
1029.9696,659.9247
1037.6782,655.0158
1037.6782,655.0158
1037.6782,655.0158
1037.6782,655.0158
1037.6782,655.0158
1039.5017,659.0533
1039.5017,659.0533
1039.5017,659.0533
1039.5017,659.0533
1039.5017,659.0533
1040.1927,665.9492
1040.1927,665.9492
1040.1927,665.9492
1040.1927,665.9492
1040.1927,665.9492
1040.297,671.7709
1040.297,671.7709
1040.297,671.7709
1040.297,671.7709
1040.297,671.7709
1040.2135,677.575
1040.2135,677.575
1040.2135,677.575
1040.2135,677.575
1040.2135,677.575
1041.0049,680.9448
1041.0049,680.9448
1041.0049,680.9448
1041.0049,680.9448
1041.0049,680.9448
1040.0778,688.2866
1040.0778,688.2866
1040.0778,688.2866
1040.0778,688.2866
1040.0778,688.2866
757.9177,853.4794
757.9177,853.4794
757.9177,853.4794
757.9177,853.4794
780.606,835.397
780.606,835.397
780.606,835.397
780.606,835.397
780.606,835.397
784.3063,830.7635
784.3063,830.7635
784.3063,830.7635
784.3063,830.7635
784.3063,830.7635
786.3817,828.3354
786.3817,828.3354
786.3817,828.3354
786.3817,828.3354
786.3817,828.3354
788.0683,826.8209
788.0683,826.8209
788.0683,826.8209
788.0683,826.8209
788.0683,826.8209
790.3445,824.8788
790.3445,824.8788
790.3445,824.8788
790.3445,824.8788
790.3445,824.8788
452.795,838.8907
452.795,838.8907
452.795,838.8907
452.795,838.8907
452.795,838.8907
447.944,828.1944
447.944,828.1944
447.944,828.1944
447.944,828.1944
444.3053,827.3881
444.3053,827.3881
444.3053,827.3881
444.3053,827.3881
444.3053,827.3881
442.9498,826.3223
442.9498,826.3223
442.9498,826.3223
442.9498,826.3223
442.9498,826.3223
435.5686,825.8215
435.5686,825.8215
435.5686,825.8215
435.5686,825.8215
435.5686,825.8215
434.3886,825.6981
434.3886,825.6981
434.3886,825.6981
434.3886,825.6981
300.9128,841.9622
300.9128,841.9622
300.9128,841.9622
300.9128,841.9622
300.9128,841.9622
303.5323,831.8734
303.5323,831.8734
303.5323,831.8734
303.5323,831.8734
303.5323,831.8734
303.3725,830.1098
303.3725,830.1098
303.3725,830.1098
303.3725,830.1098
303.3725,830.1098
306.5739,830.1815
306.5739,830.1815
306.5739,830.1815
306.5739,830.1815
306.5739,830.1815
308.7081,828.9174
308.7081,828.9174
308.7081,828.9174
308.7081,828.9174
309.645,828.8018
309.645,828.8018
309.645,828.8018
309.645,828.8018
309.645,828.8018
309.3534,829.7489
309.3534,829.7489
309.3534,829.7489
309.3534,829.7489
309.3534,829.7489
313.0721,827.8636
313.0721,827.8636
313.0721,827.8636
313.0721,827.8636
313.9734,829.1892
313.9734,829.1892
313.9734,829.1892
313.9734,829.1892
313.9734,829.1892
316.6594,828.8635
316.6594,828.8635
316.6594,828.8635
316.6594,828.8635
316.6594,828.8635
319.5409,828.4948
319.5409,828.4948
319.5409,828.4948
319.5409,828.4948
319.5409,828.4948
324.5931,826.432
324.5931,826.432
324.5931,826.432
324.5931,826.432
328.3104,825.6245
328.3104,825.6245
328.3104,825.6245
328.3104,825.6245
328.3104,825.6245
336.0526,824.1096
336.0526,824.1096
336.0526,824.1096
336.0526,824.1096
336.0526,824.1096
1031.0676,487.2255
1031.0676,487.2255
1031.0676,487.2255
1031.0676,487.2255
1022.3871,472.4889
1022.3871,472.4889
1022.3871,472.4889
1022.3871,472.4889
1022.3871,472.4889
1022.6022,482.0746
1022.6022,482.0746
1022.6022,482.0746
1022.6022,482.0746
1022.6022,482.0746
1020.4069,489.5109
1020.4069,489.5109
1020.4069,489.5109
1020.4069,489.5109
1020.5449,492.8532
1020.5449,492.8532
1020.5449,492.8532
1020.5449,492.8532
1020.5449,492.8532
1007.9642,496.5719
1007.9642,496.5719
1007.9642,496.5719
1007.9642,496.5719
1007.9642,496.5719
753.844,368.0788
753.844,368.0788
753.844,368.0788
753.844,368.0788
753.844,368.0788
734.3647,434.202
734.3647,434.202
734.3647,434.202
734.3647,434.202
733.9642,429.2251
733.9642,429.2251
733.9642,429.2251
733.9642,429.2251
733.9642,429.2251
729.8931,431.1981
729.8931,431.1981
729.8931,431.1981
729.8931,431.1981
734.6298,423.3322
734.6298,423.3322
734.6298,423.3322
734.6298,423.3322
734.6298,423.3322
731.1658,430.929
731.1658,430.929
731.1658,430.929
731.1658,430.929
731.1658,430.929
713.9003,462.9351
713.9003,462.9351
713.9003,462.9351
713.9003,462.9351
738.7764,407.6251
738.7764,407.6251
738.7764,407.6251
738.7764,407.6251
738.7764,407.6251
735.7407,411.6413
735.7407,411.6413
735.7407,411.6413
735.7407,411.6413
735.7407,411.6413
738.063,420.8881
738.063,420.8881
738.063,420.8881
738.063,420.8881
768.3791,425.0007
768.3791,425.0007
768.3791,425.0007
768.3791,425.0007
768.3791,425.0007
818.2513,442.6281
818.2513,442.6281
818.2513,442.6281
818.2513,442.6281
1055.6023,543.9019
1055.6023,543.9019
1055.6023,543.9019
1055.6023,543.9019
1055.6023,543.9019
1084.2614,524.0916
1084.2614,524.0916
1084.2614,524.0916
1084.2614,524.0916
1084.2614,524.0916
1077.6504,525.2389
1077.6504,525.2389
1077.6504,525.2389
1077.6504,525.2389
1077.0608,523.0884
1077.0608,523.0884
1077.0608,523.0884
1077.0608,523.0884
1077.0608,523.0884
1079.6038,516.1805
1079.6038,516.1805
1079.6038,516.1805
1079.6038,516.1805
1073.5293,521.5351
1073.5293,521.5351
1073.5293,521.5351
1073.5293,521.5351
1069.4397,525.158
1069.4397,525.158
1069.4397,525.158
1069.4397,525.158
1069.4397,525.158
1067.4596,526.0516
1067.4596,526.0516
1067.4596,526.0516
1067.4596,526.0516
1061.3647,532.1132
1061.3647,532.1132
1061.3647,532.1132
1061.3647,532.1132
1061.3647,532.1132
1059.842,532.7838
1059.842,532.7838
1059.842,532.7838
1059.842,532.7838
1058.5927,533.2545
1058.5927,533.2545
1058.5927,533.2545
1058.5927,533.2545
1058.5927,533.2545
1057.6647,533.1805
1057.6647,533.1805
1057.6647,533.1805
1057.6647,533.1805
1056.6189,533.6068
1056.6189,533.6068
1056.6189,533.6068
1056.6189,533.6068
1056.6189,533.6068
1056.2489,534.9217
1056.2489,534.9217
1056.2489,534.9217
1056.2489,534.9217
1056.3647,536.4901
1056.3647,536.4901
1056.3647,536.4901
1056.3647,536.4901
1056.3647,536.4901
1392.4139,776.4667
1392.4139,776.4667
1392.4139,776.4667
1392.4139,776.4667
1395.8413,768.1225
1395.8413,768.1225
1395.8413,768.1225
1395.8413,768.1225
1395.8413,768.1225
1392.9707,770.6008
1392.9707,770.6008
1392.9707,770.6008
1392.9707,770.6008
1395.5304,771.8859
1395.5304,771.8859
1395.5304,771.8859
1395.5304,771.8859
1395.5304,771.8859
1392.7864,776.714
1392.7864,776.714
1392.7864,776.714
1392.7864,776.714
1396.4343,779.4838
1396.4343,779.4838
1396.4343,779.4838
1396.4343,779.4838
1396.4343,779.4838
1265.9241,791.1799
1265.9241,791.1799
1265.9241,791.1799
1265.9241,791.1799
1257.5336,797.9392
1257.5336,797.9392
1257.5336,797.9392
1257.5336,797.9392
1257.5336,797.9392
1250.4584,803.1819
1250.4584,803.1819
1250.4584,803.1819
1250.4584,803.1819
1244.7927,806.0299
1244.7927,806.0299
1244.7927,806.0299
1244.7927,806.0299
1244.7927,806.0299
1241.1846,805.9262
1241.1846,805.9262
1241.1846,805.9262
1241.1846,805.9262
1238.7173,805.0897
1238.7173,805.0897
1238.7173,805.0897
1238.7173,805.0897
1232.3729,809.1284
1232.3729,809.1284
1232.3729,809.1284
1232.3729,809.1284
1232.3729,809.1284
1207.5508,809.4473
1207.5508,809.4473
1207.5508,809.4473
1207.5508,809.4473
1271.8984,799.1954
1271.8984,799.1954
1271.8984,799.1954
1271.8984,799.1954
1271.8984,799.1954
1290.7877,812.1351
1290.7877,812.1351
1290.7877,812.1351
1290.7877,812.1351
1314.1823,814.4136
1314.1823,814.4136
1314.1823,814.4136
1314.1823,814.4136
1314.1823,814.4136
1358.8127,818.4391
1358.8127,818.4391
1358.8127,818.4391
1358.8127,818.4391
1391.6356,818.6372
1391.6356,818.6372
1391.6356,818.6372
1391.6356,818.6372
1517.0449,832.8795
1517.0449,832.8795
1517.0449,832.8795
1517.0449,832.8795
1517.0449,832.8795
1528.6714,832.3148
1528.6714,832.3148
1528.6714,832.3148
1528.6714,832.3148
1604.9033,884.1917
1604.9033,884.1917
1604.9033,884.1917
1604.9033,884.1917
1604.9033,884.1917
1676.3485,929.1984
1676.3485,929.1984
1676.3485,929.1984
1676.3485,929.1984
1793.2568,1008.8394
1793.2568,1008.8394
1793.2568,1008.8394
1793.2568,1008.8394
1917.934,1071.3783
1917.934,1071.3783
1917.934,1071.3783
1917.934,1071.3783
1917.934,1071.3783
2403.9993,1332.809
2403.9993,1332.809
2403.9993,1332.809
2403.9993,1332.809
2396.6563,1333.7328
2396.6563,1333.7328
2396.6563,1333.7328
2396.6563,1333.7328
2396.6563,1333.7328
2394.6895,1331.9473
2394.6895,1331.9473
2394.6895,1331.9473
2394.6895,1331.9473
2386.6785,1337.1599
2386.6785,1337.1599
2386.6785,1337.1599
2386.6785,1337.1599
2386.6785,1337.1599
2382.9939,1333.04
2382.9939,1333.04
2382.9939,1333.04
2382.9939,1333.04
2381.2307,1326.7439
2381.2307,1326.7439
2381.2307,1326.7439
2381.2307,1326.7439
2378.748,1323.6246
2378.748,1323.6246
2378.748,1323.6246
2378.748,1323.6246
2377.6016,1317.9595
2377.6016,1317.9595
2377.6016,1317.9595
2377.6016,1317.9595
2377.6016,1317.9595
2375.5083,1315.132
2375.5083,1315.132
2375.5083,1315.132
2375.5083,1315.132
2373.7598,1311.9097
2373.7598,1311.9097
2373.7598,1311.9097
2373.7598,1311.9097
2370.4521,1305.1388
2370.4521,1305.1388
2370.4521,1305.1388
2370.4521,1305.1388
2370.4521,1305.1388
1045.3624,792.0535
1045.3624,792.0535
1045.3624,792.0535
1045.3624,792.0535
1088.5455,749.9685
1088.5455,749.9685
1088.5455,749.9685
1088.5455,749.9685
0,0
0,0
0,0
0,0
0,0
1086.2692,754.9503
1086.2692,754.9503
1086.2692,754.9503
1086.2692,754.9503
1087.2739,751.9673
1087.2739,751.9673
1087.2739,751.9673
1087.2739,751.9673
1088.8629,748.0668
1088.8629,748.0668
1088.8629,748.0668
1088.8629,748.0668
1088.8629,748.0668
1087.4462,745.9562
1087.4462,745.9562
1087.4462,745.9562
1087.4462,745.9562
1117.9121,720.0446
1117.9121,720.0446
1117.9121,720.0446
1117.9121,720.0446
1117.9121,720.0446
1084.7292,747.3586
1084.7292,747.3586
1084.7292,747.3586
1084.7292,747.3586
1090.4294,741.5458
1090.4294,741.5458
1090.4294,741.5458
1090.4294,741.5458
1092.7163,737.766
1092.7163,737.766
1092.7163,737.766
1092.7163,737.766
1092.7163,737.766
1087.472,735.4002
1087.472,735.4002
1087.472,735.4002
1087.472,735.4002
1089.7041,730.4424
1089.7041,730.4424
1089.7041,730.4424
1089.7041,730.4424
1090.6143,725.4442
1090.6143,725.4442
1090.6143,725.4442
1090.6143,725.4442
1090.6143,725.4442
1092.0276,720.8856
1092.0276,720.8856
1092.0276,720.8856
1092.0276,720.8856
1088.1816,716.9955
1088.1816,716.9955
1088.1816,716.9955
1088.1816,716.9955
1087.9413,712.9483
1087.9413,712.9483
1087.9413,712.9483
1087.9413,712.9483
1088.9294,709.3392
1088.9294,709.3392
1088.9294,709.3392
1088.9294,709.3392
1088.9294,709.3392
1087.9279,702.5882
1087.9279,702.5882
1087.9279,702.5882
1087.9279,702.5882
1081.5981,693.2858
1081.5981,693.2858
1081.5981,693.2858
1081.5981,693.2858
1075.8502,682.481
1075.8502,682.481
1075.8502,682.481
1075.8502,682.481
1070.1128,672.6755
1070.1128,672.6755
1070.1128,672.6755
1070.1128,672.6755
1070.1128,672.6755
1064.5743,663.8511
1064.5743,663.8511
1064.5743,663.8511
1064.5743,663.8511
1059.8584,655.6182
1059.8584,655.6182
1059.8584,655.6182
1059.8584,655.6182
1057.4507,648.9552
1057.4507,648.9552
1057.4507,648.9552
1057.4507,648.9552
1057.4507,648.9552
1053.4806,641.7756
1053.4806,641.7756
1053.4806,641.7756
1053.4806,641.7756
1052.2742,636.2487
1052.2742,636.2487
1052.2742,636.2487
1052.2742,636.2487
1050.7979,630.7803
1050.7979,630.7803
1050.7979,630.7803
1050.7979,630.7803
1050.7979,630.7803
1050.3693,625.9131
1050.3693,625.9131
1050.3693,625.9131
1050.3693,625.9131
1050.949,621.8978
1050.949,621.8978
1050.949,621.8978
1050.949,621.8978
1048.8115,616.9133
1048.8115,616.9133
1048.8115,616.9133
1048.8115,616.9133
609.9832,797.9636
609.9832,797.9636
609.9832,797.9636
609.9832,797.9636
609.9832,797.9636
615.1385,814.1285
615.1385,814.1285
615.1385,814.1285
615.1385,814.1285
614.7214,819.8298
614.7214,819.8298
614.7214,819.8298
614.7214,819.8298
614.1442,823.4557
614.1442,823.4557
614.1442,823.4557
614.1442,823.4557
614.1442,823.4557
615.3609,823.1586
615.3609,823.1586
615.3609,823.1586
615.3609,823.1586
616.4793,823.0594
616.4793,823.0594
616.4793,823.0594
616.4793,823.0594
616.3234,805.725
616.3234,805.725
616.3234,805.725
616.3234,805.725
818.2358,789.5994
818.2358,789.5994
818.2358,789.5994
818.2358,789.5994
859.4308,795.8337
859.4308,795.8337
859.4308,795.8337
859.4308,795.8337
859.4308,795.8337
889.8901,798.4892
889.8901,798.4892
889.8901,798.4892
889.8901,798.4892
914.2102,797.7369
914.2102,797.7369
914.2102,797.7369
914.2102,797.7369
945.589,797.6337
945.589,797.6337
945.589,797.6337
945.589,797.6337
1060.0605,791.954
1060.0605,791.954
1060.0605,791.954
1060.0605,791.954
1060.0605,791.954
1057.0811,803.5493
1057.0811,803.5493
1057.0811,803.5493
1057.0811,803.5493
1067.7366,795.2596
1067.7366,795.2596
1067.7366,795.2596
1067.7366,795.2596
1086.9343,800.5264
1086.9343,800.5264
1086.9343,800.5264
1086.9343,800.5264
1101.7887,804.3879
1101.7887,804.3879
1101.7887,804.3879
1101.7887,804.3879
1115.5095,808.7051
1115.5095,808.7051
1115.5095,808.7051
1115.5095,808.7051
1140.056,807.847
1140.056,807.847
1140.056,807.847
1140.056,807.847
1160.0278,809.7936
1160.0278,809.7936
1160.0278,809.7936
1160.0278,809.7936
1160.0278,809.7936
1347.8596,804.4089
1347.8596,804.4089
1347.8596,804.4089
1347.8596,804.4089
1362.1945,823.1682
1362.1945,823.1682
1362.1945,823.1682
1362.1945,823.1682
0,0
0,0
0,0
0,0
0,0
0,0
0,0
0,0
0,0
0,0
0,0
0,0
1308.6047,860.6539
1308.6047,860.6539
1308.6047,860.6539
1308.6047,860.6539
1308.6047,860.6539
1289.7313,862.2516
1289.7313,862.2516
1289.7313,862.2516
1289.7313,862.2516
1285.4141,853.8486
1285.4141,853.8486
1285.4141,853.8486
1285.4141,853.8486
1281.1802,846.4383
1281.1802,846.4383
1281.1802,846.4383
1281.1802,846.4383
1285.3378,836.8321
1285.3378,836.8321
1285.3378,836.8321
1285.3378,836.8321
1280.2673,828.4992
1280.2673,828.4992
1280.2673,828.4992
1280.2673,828.4992
1271.6284,823.7957
1271.6284,823.7957
1271.6284,823.7957
1271.6284,823.7957
1263.1726,821.5869
1263.1726,821.5869
1263.1726,821.5869
1263.1726,821.5869
1254.0426,820.6066
1254.0426,820.6066
1254.0426,820.6066
1254.0426,820.6066
1254.0426,820.6066
1241.8,819.7408
1241.8,819.7408
1241.8,819.7408
1241.8,819.7408
1235.0337,818.8844
1235.0337,818.8844
1235.0337,818.8844
1235.0337,818.8844
1230.251,818.3082
1230.251,818.3082
1230.251,818.3082
1230.251,818.3082
1224.3107,817.9523
1224.3107,817.9523
1224.3107,817.9523
1224.3107,817.9523
1223.2544,817.4052
1223.2544,817.4052
1223.2544,817.4052
1223.2544,817.4052
1217.3085,817.9136
1217.3085,817.9136
1217.3085,817.9136
1217.3085,817.9136
1212.5728,818.3773
1212.5728,818.3773
1212.5728,818.3773
1212.5728,818.3773
1208.4376,818.8942
1208.4376,818.8942
1208.4376,818.8942
1208.4376,818.8942
1204.6936,819.5629
1204.6936,819.5629
1204.6936,819.5629
1204.6936,819.5629
1204.6936,819.5629
1197.7888,821.1587
1197.7888,821.1587
1197.7888,821.1587
1197.7888,821.1587
1191.751,820.6226
1191.751,820.6226
1191.751,820.6226
1191.751,820.6226
1126.9485,829.627
1126.9485,829.627
1126.9485,829.627
1126.9485,829.627
1134.2189,825.0677
1134.2189,825.0677
1134.2189,825.0677
1134.2189,825.0677
1134.2994,827.9358
1134.2994,827.9358
1134.2994,827.9358
1134.2994,827.9358
1135.8325,829.3987
1135.8325,829.3987
1135.8325,829.3987
1135.8325,829.3987
1134.783,830.0349
1134.783,830.0349
1134.783,830.0349
1134.783,830.0349
1135.1663,830.3214
1135.1663,830.3214
1135.1663,830.3214
1135.1663,830.3214
1135.3191,830.419
1135.3191,830.419
1135.3191,830.419
1135.3191,830.419
1140.0732,829.3289
1140.0732,829.3289
1140.0732,829.3289
1140.0732,829.3289
1140.2169,827.7731
1140.2169,827.7731
1140.2169,827.7731
1140.2169,827.7731
1401.7827,782.0635
1401.7827,782.0635
1401.7827,782.0635
1401.7827,782.0635
1400.9465,802.8499
1400.9465,802.8499
1400.9465,802.8499
1400.9465,802.8499
1406.2587,800.4279
1406.2587,800.4279
1406.2587,800.4279
1406.2587,800.4279
1406.3578,798.7525
1406.3578,798.7525
1406.3578,798.7525
1406.3578,798.7525
1409.3203,795.0804
1409.3203,795.0804
1409.3203,795.0804
1409.3203,795.0804
1410.9623,793.1703
1410.9623,793.1703
1410.9623,793.1703
1410.9623,793.1703
1628.532,782.0319
1628.532,782.0319
1628.532,782.0319
1628.532,782.0319
1622.0527,780.4899
1622.0527,780.4899
1622.0527,780.4899
1622.0527,780.4899
1628.6243,776.5952
1628.6243,776.5952
1628.6243,776.5952
1628.6243,776.5952
1626.6338,780.1045
1626.6338,780.1045
1626.6338,780.1045
1626.6338,780.1045
1626.6338,780.1045
1626.6824,782.8282
1626.6824,782.8282
1626.6824,782.8282
1626.6824,782.8282
1621.0385,787.7349
1621.0385,787.7349
1621.0385,787.7349
1621.0385,787.7349
1079.3616,642.3037
1079.3616,642.3037
1079.3616,642.3037
1079.3616,642.3037
1039.2833,683.6052
1039.2833,683.6052
1039.2833,683.6052
1039.2833,683.6052
1045.655,678.6641
1045.655,678.6641
1045.655,678.6641
1045.655,678.6641
1054.8196,671.2586
1054.8196,671.2586
1054.8196,671.2586
1054.8196,671.2586
1054.4341,673.3463
1054.4341,673.3463
1054.4341,673.3463
1050.1108,678.9792
1050.1108,678.9792
1050.1108,678.9792
1050.1108,678.9792
1058.0465,648.1011
1058.0465,648.1011
1058.0465,648.1011
1058.0465,648.1011
1050.6158,680.5543
1050.6158,680.5543
1050.6158,680.5543
1050.6158,680.5543
1046.6738,685.858
1046.6738,685.858
1046.6738,685.858
1046.6738,685.858
1050.839,676.918
1050.839,676.918
1050.839,676.918
1050.839,676.918
1052.7428,674.7368
1052.7428,674.7368
1052.7428,674.7368
1052.7428,674.7368
1053.7759,675.0577
1053.7759,675.0577
1053.7759,675.0577
1053.7759,675.0577
1052.823,678.6418
1052.823,678.6418
1052.823,678.6418
1052.823,678.6418
1052.9744,676.9279
1052.9744,676.9279
1052.9744,676.9279
1052.9744,676.9279
1052.714,676.9441
1052.714,676.9441
1052.714,676.9441
1052.714,676.9441
1052.8032,676.355
1052.8032,676.355
1052.8032,676.355
1052.8032,676.355
1052.5559,675.9252
1052.5559,675.9252
1052.5559,675.9252
1052.5559,675.9252
1052.4513,675.3481
1052.4513,675.3481
1052.4513,675.3481
1052.4513,675.3481
1052.5731,674.6018
1052.5731,674.6018
1052.5731,674.6018
1052.5731,674.6018
1052.2063,674.7437
1052.2063,674.7437
1052.2063,674.7437
1052.2063,674.7437
1052.0721,674.5276
1052.0721,674.5276
1052.0721,674.5276
1052.0721,674.5276
1052.1632,674.136
1052.1632,674.136
1052.1632,674.136
1052.1632,674.136
1053.1504,672.4362
1053.1504,672.4362
1053.1504,672.4362
1053.1504,672.4362
1052.6306,672.3963
1052.6306,672.3963
1052.6306,672.3963
1052.6306,672.3963
1052.6748,671.712
1052.6748,671.712
1052.6748,671.712
1052.6748,671.712
1052.8281,670.9673
1052.8281,670.9673
1052.8281,670.9673
1052.8281,670.9673
1053.3193,670.0773
1053.3193,670.0773
1053.3193,670.0773
1053.3193,670.0773
1422.6011,781.6136
1422.6011,781.6136
1422.6011,781.6136
1422.6011,781.6136
1445.5457,805.1384
1445.5457,805.1384
1445.5457,805.1384
1445.5457,805.1384
1448.4788,806.0591
1448.4788,806.0591
1448.4788,806.0591
1448.4788,806.0591
1451.8529,805.27
1451.8529,805.27
1451.8529,805.27
1451.8529,805.27
1451.7429,806.1636
1451.7429,806.1636
1451.7429,806.1636
1451.7429,806.1636
1453.1924,808.4617
1453.1924,808.4617
1453.1924,808.4617
1453.1924,808.4617
1468.959,795.6414
1468.959,795.6414
1468.959,795.6414
1460.8131,805.6334
1460.8131,805.6334
1460.8131,805.6334
1460.8131,805.6334
1462.0155,807.674
1462.0155,807.674
1462.0155,807.674
1462.0155,807.674
1461.3044,809.7652
1461.3044,809.7652
1461.3044,809.7652
1461.3044,809.7652
1459.9695,812.3935
1459.9695,812.3935
1459.9695,812.3935
1459.9695,812.3935
1459.1204,813.6923
1459.1204,813.6923
1459.1204,813.6923
1459.1204,813.6923
1458.5656,813.3624
1458.5656,813.3624
1458.5656,813.3624
1458.5656,813.3624
1457.6553,815.8112
1457.6553,815.8112
1457.6553,815.8112
1457.6553,815.8112
1082.6893,891.9005
1082.6893,891.9005
1082.6893,891.9005
1082.6893,891.9005
1086.7272,887.2632
1086.7272,887.2632
1086.7272,887.2632
1086.7272,887.2632
1096.8738,883.855
1096.8738,883.855
1096.8738,883.855
1096.702,881.4587
1096.702,881.4587
1096.702,881.4587
1096.702,881.4587
1097.5874,878.5466
1097.5874,878.5466
1097.5874,878.5466
1097.5874,878.5466
1098.0629,875.6204
1098.0629,875.6204
1098.0629,875.6204
1098.0629,875.6204
1060.7668,837.9294
1060.7668,837.9294
1060.7668,837.9294
1060.7668,837.9294
1068.64,838.611
1068.64,838.611
1068.64,838.611
1068.64,838.611
1063.1874,847.0139
1063.1874,847.0139
1063.1874,847.0139
1063.1874,847.0139
1069.7723,846.7504
1069.7723,846.7504
1069.7723,846.7504
1069.7723,846.7504
1075.5245,844.2744
1075.5245,844.2744
1075.5245,844.2744
1075.5245,844.2744
1076.4847,842.4446
1076.4847,842.4446
1076.4847,842.4446
1076.4847,842.4446
1075.9352,841.5802
1075.9352,841.5802
1075.9352,841.5802
1077.5607,841.4044
1077.5607,841.4044
1077.5607,841.4044
1077.5607,841.4044
1078.3665,840.9557
1078.3665,840.9557
1078.3665,840.9557
1078.3665,840.9557
1079.6177,840.7275
1079.6177,840.7275
1079.6177,840.7275
1079.6177,840.7275
1079.9376,840.6256
1079.9376,840.6256
1079.9376,840.6256
1079.9376,840.6256
1080.3534,840.6732
1080.3534,840.6732
1080.3534,840.6732
1081.4221,840.6427
1081.4221,840.6427
1081.4221,840.6427
1081.4221,840.6427
1082.0542,840.5524
1082.0542,840.5524
1082.0542,840.5524
1082.0542,840.5524
1082.7721,840.4498
1082.7721,840.4498
1082.7721,840.4498
1082.7721,840.4498
1082.9991,840.4545
1082.9991,840.4545
1082.9991,840.4545
1082.9991,840.4545
1083.2609,840.3801
1083.2609,840.3801
1083.2609,840.3801
1083.2609,840.3801
1083.8461,840.2962
1083.8461,840.2962
1083.8461,840.2962
1083.8461,840.2962
1084.4989,840.1865
1084.4989,840.1865
1084.4989,840.1865
1084.4989,840.1865
1084.7126,840.0515
1084.7126,840.0515
1084.7126,840.0515
1084.7126,840.0515
1085.5466,839.85
1085.5466,839.85
1085.5466,839.85
1086.251,839.5573
1086.251,839.5573
1086.251,839.5573
1086.251,839.5573
1086.8889,839.2501
1086.8889,839.2501
1086.8889,839.2501
1086.8889,839.2501
1087.6841,838.9417
1087.6841,838.9417
1087.6841,838.9417
1087.6841,838.9417
1088.1667,838.6545
1088.1667,838.6545
1088.1667,838.6545
